{"cameraMode":{"drawMode":0,"name":"Shaded","section":"Shading Mode"},"sceneLighting":true,"audioPlay":false,"sceneViewState":{"m_AlwaysRefresh":false,"showFog":true,"showSkybox":true,"showFlares":true,"showImageEffects":true,"showParticleSystems":true,"showVisualEffectGraphs":true,"m_FxEnabled":true},"in2DMode":false,"pivot":{"x":1.4989954233169556,"y":1.3978956937789918,"z":-2.157442331314087},"rotation":{"x":-0.06040390953421593,"y":0.6808329224586487,"z":-0.056508421897888187,"w":-0.7277588248252869},"size":1.7201615571975709,"orthographic":false}